{
  "timestamp": "2025-09-07T01:50:13.931215",
  "source": "Google Sheets",
  "sheet_id": "1f5qcPc4l0SYVQv3qhq8d17s_fTMPkyoT",
  "data": {
    "metricas_principais": {
      "total_leads": 3695.0,
      "cpl_medio_geral": 18.26,
      "investimento_total": "67.467,30",
      "roas": 2420.0,
      "faturamento_previsto": " R$  380.215,50 ",
      "taxa_conversao": 700.0,
      "ticket_medio": " R$  6.300,00 "
    },
    "canais": {
      "facebook": {
        "leads": 3062.0,
        "percentual": 82.9,
        "cpl": 0,
        "investido": "58.139,54",
        "roas": 2320.0
      },
      "instagram": {
        "leads": 311.0,
        "percentual": 8.4,
        "cpl": 0,
        "investido": 0,
        "roas": "Infinity"
      },
      "youtube": {
        "leads": 255.0,
        "percentual": 6.9,
        "cpl": 0,
        "investido": 0,
        "roas": "Infinity"
      },
      "google": {
        "leads": 682.7,
        "percentual": 18.5,
        "cpl": 0,
        "investido": 0,
        "roas": 0
      },
      "email": {
        "leads": 15.0,
        "percentual": 0.4,
        "cpl": 0,
        "investido": 0,
        "roas": "Infinity"
      }
    },
    "orcamentos": {
      "captacao_previsto": " R$  157.423,70 ",
      "total_previsto": "67.467,30"
    },
    "projecoes": {
      "qt_prevista_leads": 8622.0,
      "dias_incorridos": 12.0,
      "faltam_dias": 16.0,
      "total_vendas_previstas": 60.0,
      "meta_dia_lead": 321.0,
      "media_realizada_lead_dia": 308.0
    },
    "profissoes": {
      "dentista": 837.0,
      "medico": 525.0,
      "fisioterapeuta": 555.0,
      "psicologo": 489.0,
      "nutricionista": 253.0
    }
  }
}