{
  "data_base": "19/08/2025",
  "resumo_executivo": {
    "ingressos_vendidos": 117,
    "faturamento_total": 18994.52,
    "investimento_total": 40055.21,
    "custo_por_venda": 342.35,
    "roas": -0.53,
    "ticket_medio": 162.35,
    "deficit": 21060.69
  },
  "origem_vendas": {
    "trafego_pago": 82,
    "bio_instagram": 21,
    "whatsapp": 3,
    "email": 3,
    "youtube": 2,
    "outras": 6,
    "total": 117
  },
  "por_profissao": {
    "medicos": 69,
    "dentistas": 16,
    "fisioterapeutas": 13,
    "nutricionistas": 8,
    "psicologos": 6,
    "outros": 5,
    "total": 117
  },
  "dados_diarios": [
    {"data": "04/08", "vendas": 2, "investimento": 1569.65, "faturamento": 334, "cac": 785},
    {"data": "05/08", "vendas": 2, "investimento": 1623.49, "faturamento": 334, "cac": 812},
    {"data": "06/08", "vendas": 8, "investimento": 2374.10, "faturamento": 1336, "cac": 297},
    {"data": "07/08", "vendas": 9, "investimento": 2862.60, "faturamento": 1503, "cac": 318},
    {"data": "08/08", "vendas": 8, "investimento": 2525.23, "faturamento": 1336, "cac": 316},
    {"data": "09/08", "vendas": 1, "investimento": 2441.08, "faturamento": 167, "cac": 2441},
    {"data": "10/08", "vendas": 9, "investimento": 2407.93, "faturamento": 1503, "cac": 268},
    {"data": "11/08", "vendas": 7, "investimento": 2925.37, "faturamento": 1169, "cac": 418},
    {"data": "12/08", "vendas": 12, "investimento": 3324.97, "faturamento": 2004, "cac": 277},
    {"data": "13/08", "vendas": 12, "investimento": 3158.70, "faturamento": 2004, "cac": 263},
    {"data": "14/08", "vendas": 6, "investimento": 1960.70, "faturamento": 1002, "cac": 327},
    {"data": "15/08", "vendas": 8, "investimento": 2225.36, "faturamento": 1336, "cac": 278},
    {"data": "16/08", "vendas": 14, "investimento": 2616.41, "faturamento": 2338, "cac": 187},
    {"data": "17/08", "vendas": 6, "investimento": 2655.27, "faturamento": 1002, "cac": 443},
    {"data": "18/08", "vendas": 3, "investimento": 2654.30, "faturamento": 501, "cac": 885},
    {"data": "19/08", "vendas": 10, "investimento": 2730.05, "faturamento": 1670, "cac": 273}
  ],
  "insights_ia": [
    {
      "categoria": "POSITIVO",
      "insight": "🎉 RECUPERAÇÃO SIGNIFICATIVA NO DIA 19/08",
      "detalhes": "Excelente recuperação: 3 vendas (18/08) → 10 vendas (19/08). CAC melhorou drasticamente: R$ 885 → R$ 273. Melhor resultado em 3 dias.",
      "acao": "Analisar estratégias do dia 19/08 e replicar. Identificar campanhas/criativos que funcionaram e escalar."
    },
    {
      "categoria": "ALERTA",
      "insight": "Déficit Total Crítico - R$ 21.061",
      "detalhes": "Déficit aumentou para R$ 21.061 (vs R$ 19.962 anterior). Investimento total R$ 40.055 vs faturamento R$ 18.995. ROAS mantém-se crítico em -0.53.",
      "acao": "Manter controle rigoroso de budget. Focar em otimização de campanhas com melhor performance."
    },
    {
      "categoria": "CRÍTICO",
      "insight": "Meta de Leads Ainda Distante",
      "detalhes": "117 leads captados vs meta estimada de 455. Faltam 4 dias para encerrar captação (até 23/08). Ritmo atual insuficiente para meta.",
      "acao": "Intensificar esforços finais. Considerar aumento de budget em campanhas com CAC < R$ 300."
    }
  ],
  "projecoes_evento": {
    "leads_atuais": 117,
    "comparecimento_estimado": 105,
    "conversao_conservadora": {
      "curso_vendas": 3,
      "curso_receita": 18900,
      "mentoria_vendas": 1,
      "mentoria_receita": 22000,
      "receita_total": 40900
    },
    "conversao_otimista": {
      "curso_vendas": 7,
      "curso_receita": 44100,
      "mentoria_vendas": 2,
      "mentoria_receita": 44000,
      "receita_total": 88100
    }
  }
}

