{
  "metricas_principais": {
    "roas": -0.48,
    "cac": 309.95,
    "total_vendas": 152,
    "faturamento": 24513.4,
    "investimento": 47112.29,
    "deficit": 22598.89,
    "ticket_medio": 161.27,
    "data_atualizacao": "22/08/2025 - CAMPANHA ENCERRADA"
  },
  "vendas_por_canal": [
    {
      "canal": "Tráfego Pago",
      "vendas": 101,
      "percentual": 66.4
    },
    {
      "canal": "Bio Instagram",
      "vendas": 34,
      "percentual": 22.4
    },
    {
      "canal": "Outras",
      "vendas": 8,
      "percentual": 5.3
    },
    {
      "canal": "Email",
      "vendas": 4,
      "percentual": 2.6
    },
    {
      "canal": "YouTube",
      "vendas": 3,
      "percentual": 2.0
    },
    {
      "canal": "WhatsApp",
      "vendas": 2,
      "percentual": 1.3
    }
  ],
  "vendas_por_dia": [
    {
      "dia": "12/08",
      "vendas": 12,
      "investimento": 3324.97,
      "faturamento": 1960.0,
      "cac": 277.08
    },
    {
      "dia": "13/08",
      "vendas": 12,
      "investimento": 3158.7,
      "faturamento": 1948.8,
      "cac": 263.22
    },
    {
      "dia": "14/08",
      "vendas": 6,
      "investimento": 1960.7,
      "faturamento": 937.79,
      "cac": 326.78
    },
    {
      "dia": "15/08",
      "vendas": 8,
      "investimento": 2225.36,
      "faturamento": 1367.59,
      "cac": 278.17
    },
    {
      "dia": "16/08",
      "vendas": 14,
      "investimento": 2616.41,
      "faturamento": 2386.99,
      "cac": 186.89
    },
    {
      "dia": "17/08",
      "vendas": 6,
      "investimento": 2655.27,
      "faturamento": 839.4,
      "cac": 442.55
    },
    {
      "dia": "18/08",
      "vendas": 3,
      "investimento": 2654.3,
      "faturamento": 518.09,
      "cac": 884.77
    },
    {
      "dia": "19/08",
      "vendas": 10,
      "investimento": 2730.05,
      "faturamento": 1631.38,
      "cac": 273.01
    },
    {
      "dia": "20/08",
      "vendas": 12,
      "investimento": 2403.51,
      "faturamento": 1954.4,
      "cac": 200.29
    },
    {
      "dia": "21/08",
      "vendas": 8,
      "investimento": 2285.74,
      "faturamento": 1277.59,
      "cac": 285.72
    },
    {
      "dia": "22/08",
      "vendas": 15,
      "investimento": 2367.83,
      "faturamento": 2286.89,
      "cac": 157.86
    }
  ],
  "insights_finais": [
    "CAMPANHA ENCERRADA: 152 leads captados em 22/08/2025",
    "ÚLTIMO DIA EXCEPCIONAL: 15 vendas com CAC R$ 157,86 (melhor CAC da campanha)",
    "RECUPERAÇÃO CONFIRMADA: Últimos 4 dias consistentes (10→12→8→15 vendas)",
    "BIO INSTAGRAM PREMIUM: 34 vendas (22.4%) - crescimento de +5 vs 21/08",
    "PROJEÇÃO EVENTO: 152 leads → 4-5 vendas curso + 1-2 mentoria = R$ 47-75k"
  ],
  "comparacao_vs_21_08": {
    "vendas": "+15 vendas (137→152)",
    "faturamento": "+R$ 2.287 (R$ 22.227→R$ 24.513)",
    "investimento": "+R$ 2.368 (R$ 44.744→R$ 47.112)",
    "cac": "MELHORIA -R$ 17 (R$ 327→R$ 310)",
    "roas": "MELHORIA +0.02 (-0.50→-0.48)",
    "bio_instagram": "+5 vendas (29→34)"
  }
}