{
  "metricas_principais": {
    "roas": -0.5,
    "cac": 326.6,
    "total_vendas": 137,
    "faturamento": 22226.51,
    "investimento": 44744.46,
    "deficit": 22517.95,
    "ticket_medio": 162.26,
    "data_atualizacao": "21/08/2025"
  },
  "vendas_por_canal": [
    {
      "canal": "Tráfego Pago",
      "vendas": 93,
      "percentual": 67.9
    },
    {
      "canal": "Bio Instagram",
      "vendas": 29,
      "percentual": 21.2
    },
    {
      "canal": "Outras",
      "vendas": 7,
      "percentual": 5.1
    },
    {
      "canal": "Email",
      "vendas": 4,
      "percentual": 2.9
    },
    {
      "canal": "WhatsApp",
      "vendas": 2,
      "percentual": 1.5
    },
    {
      "canal": "YouTube",
      "vendas": 2,
      "percentual": 1.5
    }
  ],
  "vendas_por_dia": [
    {
      "dia": "12/08",
      "vendas": 12,
      "investimento": 3324.97,
      "faturamento": 1960.0,
      "cac": 277.08
    },
    {
      "dia": "13/08",
      "vendas": 12,
      "investimento": 3158.7,
      "faturamento": 1948.8,
      "cac": 263.22
    },
    {
      "dia": "14/08",
      "vendas": 6,
      "investimento": 1960.7,
      "faturamento": 937.79,
      "cac": 326.78
    },
    {
      "dia": "15/08",
      "vendas": 8,
      "investimento": 2225.36,
      "faturamento": 1367.59,
      "cac": 278.17
    },
    {
      "dia": "16/08",
      "vendas": 14,
      "investimento": 2616.41,
      "faturamento": 2386.99,
      "cac": 186.89
    },
    {
      "dia": "17/08",
      "vendas": 6,
      "investimento": 2655.27,
      "faturamento": 839.4,
      "cac": 442.55
    },
    {
      "dia": "18/08",
      "vendas": 3,
      "investimento": 2654.3,
      "faturamento": 518.09,
      "cac": 884.77
    },
    {
      "dia": "19/08",
      "vendas": 10,
      "investimento": 2730.05,
      "faturamento": 1631.38,
      "cac": 273.01
    },
    {
      "dia": "20/08",
      "vendas": 12,
      "investimento": 2403.51,
      "faturamento": 1954.4,
      "cac": 200.29
    },
    {
      "dia": "21/08",
      "vendas": 8,
      "investimento": 2285.74,
      "faturamento": 1277.59,
      "cac": 285.72
    }
  ],
  "insights_principais": [
    "PENÚLTIMO DIA: 21/08 teve 8 vendas com CAC R$ 285,72 (controlado)",
    "TENDÊNCIA ESTÁVEL: Três dias consecutivos de performance (19/08: 10, 20/08: 12, 21/08: 8)",
    "CAC CONTROLADO: 21/08 manteve CAC abaixo de R$ 300 (R$ 285,72)",
    "ÚLTIMO DIA CRÍTICO: Apenas 22/08 restante para captação",
    "BIO INSTAGRAM CRESCENDO: 29 vendas (+2 vs 20/08) - 21.2% do total"
  ]
}