{
  "CPL_Facebook": "18.14",
  "CPL_YouTube": "34.88",
  "CPL_Google": "17.37",
  "Leads_Facebook": "2577",
  "Leads_Instagram": "260",
  "Leads_YouTube": "221",
  "Leads_Google": "258",
  "Leads_Email": "37",
  "Total_Leads": "3122",
  "CPL_Medio": "17.65",
  "Investimento_Total": "55105.94",
  "ROAS_Geral": "1.26",
  "Meta_Orcamento_Trafego": "200000.00",
  "Seguidores_Instagram": "163938",
  "Seguidores_YouTube": "636224",
  "Investimento_Facebook": "46755.02",
  "Investimento_YouTube": "7708.30",
  "Investimento_Google": "642.62",
  "ROAS_Facebook": "2.43",
  "ROAS_YouTube": "1.26",
  "ROAS_Google": "2.54"
}

